Field,What to Change,Example,
`name`,Product name,`"Premium White T-Shirt"`,
`category`,Type of item,`"shirts"`, `"pants"`, `"outerwear"`, or `"accessories"`,
`price`,Current price,`45.00`,
`originalPrice`,Old price if on sale, or `null`,`120.00` or `null`,
`image`,Your image filename,`"white-tshirt.jpg"`,
`description`,Short description,`"100% cotton, slim fit"`,
`sizes`,Available sizes,`["S", "M", "L"]` or `["28", "30", "32"]`,
`stock`,How many you have,`20`,
`badge`,`"NEW"`, `"SALE"`, `"HOT"`, or `null`,`"NEW"`,
